<?xml version="1.0" ?>
<data>
  <!--NOTE: This is an ** Autogenerated file **-->
  <!--BlockSize = 256 KB-->
  <!--PageSize  = 4 KB-->
  <!--NUM_PARTITION_SECTORS  = 131072-->
  <erase PAGES_PER_BLOCK="64" SECTOR_SIZE_IN_BYTES="4096" num_partition_sectors="640" physical_partition_number="0" start_sector="0"/>
  <erase PAGES_PER_BLOCK="64" SECTOR_SIZE_IN_BYTES="4096" num_partition_sectors="640" physical_partition_number="0" start_sector="640"/>
  <program PAGES_PER_BLOCK="64" SECTOR_SIZE_IN_BYTES="4096" filename="partition_complete_p4K_b256K.mbn" num_partition_sectors="640" physical_partition_number="0" start_sector="640"/>
  <erase PAGES_PER_BLOCK="64" SECTOR_SIZE_IN_BYTES="4096" num_partition_sectors="320" physical_partition_number="0" start_sector="8960"/>
  <program PAGES_PER_BLOCK="64" SECTOR_SIZE_IN_BYTES="4096" filename="..\tz.mbn" num_partition_sectors="320" physical_partition_number="0" start_sector="8960"/>
  <erase PAGES_PER_BLOCK="64" SECTOR_SIZE_IN_BYTES="4096" num_partition_sectors="384" physical_partition_number="0" start_sector="9280"/>
  <program PAGES_PER_BLOCK="64" SECTOR_SIZE_IN_BYTES="4096" filename="..\rpm.mbn" num_partition_sectors="384" physical_partition_number="0" start_sector="9280"/>
  <erase PAGES_PER_BLOCK="64" SECTOR_SIZE_IN_BYTES="4096" num_partition_sectors="320" physical_partition_number="0" start_sector="9664"/>
  <program PAGES_PER_BLOCK="64" SECTOR_SIZE_IN_BYTES="4096" filename="..\appsboot.mbn" num_partition_sectors="320" physical_partition_number="0" start_sector="9664"/>
  <erase PAGES_PER_BLOCK="64" SECTOR_SIZE_IN_BYTES="4096" num_partition_sectors="2304" physical_partition_number="0" start_sector="9984"/>
  <program PAGES_PER_BLOCK="64" SECTOR_SIZE_IN_BYTES="4096" filename="..\mdm9607-perf-boot.img" num_partition_sectors="2304" physical_partition_number="0" start_sector="9984"/>
  <erase PAGES_PER_BLOCK="64" SECTOR_SIZE_IN_BYTES="4096" num_partition_sectors="2304" physical_partition_number="0" start_sector="12288"/>
  <program PAGES_PER_BLOCK="64" SECTOR_SIZE_IN_BYTES="4096" filename="..\mdm9607-perf-boot.img" num_partition_sectors="2304" physical_partition_number="0" start_sector="12288"/>
  <erase PAGES_PER_BLOCK="64" SECTOR_SIZE_IN_BYTES="4096" num_partition_sectors="3584" physical_partition_number="0" start_sector="16192"/>
  <program PAGES_PER_BLOCK="64" SECTOR_SIZE_IN_BYTES="4096" filename="..\mdm-perf-recovery-image-mdm9607-perf.ubi" num_partition_sectors="3584" physical_partition_number="0" start_sector="16192"/>
  <erase PAGES_PER_BLOCK="64" SECTOR_SIZE_IN_BYTES="4096" num_partition_sectors="15872" physical_partition_number="0" start_sector="24000"/>
  <program PAGES_PER_BLOCK="64" SECTOR_SIZE_IN_BYTES="4096" filename="..\NON-HLOS.ubi" num_partition_sectors="15872" physical_partition_number="0" start_sector="24000"/>
  <erase PAGES_PER_BLOCK="64" SECTOR_SIZE_IN_BYTES="4096" num_partition_sectors="7680" physical_partition_number="0" start_sector="40192"/>
  <program PAGES_PER_BLOCK="64" SECTOR_SIZE_IN_BYTES="4096" filename="..\mdm-perf-recovery-image-mdm9607-perf.ubi" num_partition_sectors="7680" physical_partition_number="0" start_sector="40192"/>
  <erase PAGES_PER_BLOCK="64" SECTOR_SIZE_IN_BYTES="4096" num_partition_sectors="14336" physical_partition_number="0" start_sector="47872"/>
  <program PAGES_PER_BLOCK="64" SECTOR_SIZE_IN_BYTES="4096" filename="..\NON-HLOS.ubi" num_partition_sectors="14336" physical_partition_number="0" start_sector="47872"/>
  <erase PAGES_PER_BLOCK="64" SECTOR_SIZE_IN_BYTES="4096" num_partition_sectors="14848" physical_partition_number="0" start_sector="62208"/>
  <program PAGES_PER_BLOCK="64" SECTOR_SIZE_IN_BYTES="4096" filename="..\mdm9607-perf-sysfs.ubi" num_partition_sectors="14848" physical_partition_number="0" start_sector="62208"/>
  <erase PAGES_PER_BLOCK="64" SECTOR_SIZE_IN_BYTES="4096" num_partition_sectors="54016" physical_partition_number="0" start_sector="77056"/>
  <program PAGES_PER_BLOCK="64" SECTOR_SIZE_IN_BYTES="4096" filename="..\mdm9607-perf-sysfs.ubi" num_partition_sectors="54016" physical_partition_number="0" start_sector="77056"/>
  <program PAGES_PER_BLOCK="64" SECTOR_SIZE_IN_BYTES="4096" filename="..\sbl1.mbn" num_partition_sectors="640" physical_partition_number="0" start_sector="0"/>
</data>
