<?xml version="1.0" encoding="utf-8"?>
<nandboot>
	<magic_numbers>
		<usr_part_magic1>0xAA7D1B9A</usr_part_magic1>
		<usr_part_magic2>0x1F7D48BC</usr_part_magic2>
	</magic_numbers>
	<partition_version length="4">0x4</partition_version>
	<partitions>
		<partition>
			<name length="16" type="string">0:SBL</name>
			<size_blks length="4">0x8</size_blks>
			<pad_blks length="4">0x2</pad_blks>
			<which_flash>0</which_flash>
			<attr>0xFF</attr>
			<attr>0x01</attr>
			<attr>0x00</attr>
			<attr>0xFE</attr>
			<img_name type="string">sbl1.mbn</img_name>
		</partition>
		<partition>
			<name length="16" type="string">0:MIBIB</name>
			<size_blks length="4">0x6</size_blks>
			<pad_blks length="4">0x4</pad_blks>
			<which_flash>0</which_flash>
			<attr>0xFF</attr>
			<attr>0x01</attr>
			<attr>0xFF</attr>
			<attr>0xFE</attr>
			<img_name type="string">partition.mbn</img_name>
		</partition>		
		<partition>
			<name length="16" type="string">0:EFS2</name>
			<size_kb length="4">21504</size_kb>
			<pad_kb length="4">1024</pad_kb>
			<which_flash>0</which_flash>
			<attr>0xFF</attr>
			<attr>0x01</attr>
			<attr>0xFF</attr>
			<attr>0xFF</attr>
		</partition>
		<partition>
			<name length="16" type="string">0:sys_rev</name>
			<size_kb length="4">4864</size_kb>
			<pad_kb length="4">256</pad_kb>
			<which_flash>0</which_flash>
			<attr>0xFF</attr>
			<attr>0x01</attr>
			<attr>0x00</attr>
			<attr>0xFF</attr>			
		</partition>
		<partition>
			<name length="16" type="string">0:RAWDATA</name>
			<size_kb length="4">2816</size_kb>
			<pad_kb length="4">256</pad_kb>
			<which_flash>0</which_flash>
			<attr>0xFF</attr>
			<attr>0x01</attr>
			<attr>0x00</attr>
			<attr>0xFF</attr>			
		</partition>
		<partition>
			<name length="16" type="string">0:TZ</name>
			<size_kb length="4">1024</size_kb>
			<pad_kb length="4">256</pad_kb>
			<which_flash>0</which_flash>
			<attr>0xFF</attr>
			<attr>0x01</attr>
			<attr>0x00</attr>
			<attr>0xFF</attr>
            <img_name type="string">tz.mbn</img_name>
		</partition>		
		<partition>
			<name length="16" type="string">0:RPM</name>
			<size_kb length="4">1152</size_kb>
			<pad_kb length="4">128</pad_kb>
			<which_flash>0</which_flash>
			<attr>0xFF</attr>
			<attr>0x01</attr>
			<attr>0x00</attr>
			<attr>0xFF</attr>
            <img_name type="string">rpm.mbn</img_name>
		</partition>
		<partition>
			<name length="16" type="string">0:aboot</name>
			<size_kb length="4">1024</size_kb>
			<pad_kb length="4">256</pad_kb>
			<which_flash>0</which_flash>
			<attr>0xFF</attr>
			<attr>0x01</attr>
			<attr>0x00</attr>
			<attr>0xFF</attr>
            <img_name type="string">appsboot.mbn</img_name>
		</partition>		
		<partition>
			<name length="16" type="string">0:boot</name>
			<size_kb length="4">8704</size_kb>
			<pad_kb length="4">512</pad_kb>
			<which_flash>0</which_flash>
			<attr>0xFF</attr>
			<attr>0x01</attr>
			<attr>0x00</attr>
			<attr>0xFF</attr>
			<img_name type="string">mdm9607-perf-boot.img</img_name>
		</partition>	
		<partition>
			<name length="16" type="string">0:recovery</name>
			<size_kb length="4">8704</size_kb>
			<pad_kb length="4">512</pad_kb>
			<which_flash>0</which_flash>
			<attr>0xFF</attr>
			<attr>0x01</attr>
			<attr>0x00</attr>
			<attr>0xFF</attr>
			<img_name type="string">mdm9607-perf-boot.img</img_name>
		</partition>
		<partition>
			<name length="16" type="string">0:image_back</name>
			<size_kb length="4">5888</size_kb>
			<pad_kb length="4">512</pad_kb>
			<which_flash>0</which_flash>
			<attr>0xFF</attr>
			<attr>0x01</attr>
			<attr>0x00</attr>
			<attr>0xFF</attr>
		</partition>
		<partition>
			<name length="16" type="string">0:recoveryfs_B</name>
			<size_kb length="4">14080</size_kb>
			<pad_kb length="4">256</pad_kb>
			<which_flash>0</which_flash>
			<attr>0xFF</attr>
			<attr>0x01</attr>
			<attr>0x00</attr>
			<attr>0xFF</attr>
			<img_name type="string">mdm-perf-recovery-image-mdm9607-perf.ubi</img_name>
		</partition>		
		<partition>
			<name length="16" type="string">0:scrub</name>
			<size_kb length="4">16512</size_kb>
			<pad_kb length="4">128</pad_kb>
			<which_flash>0</which_flash>
			<attr>0xFF</attr>
			<attr>0x01</attr>
			<attr>0x00</attr>
			<attr>0xFF</attr>
		</partition>
		<partition>
			<name length="16" type="string">0:modem</name>
			<size_kb length="4">62976</size_kb>
			<pad_kb length="4">512</pad_kb>
			<which_flash>0</which_flash>
			<attr>0xFF</attr>
			<attr>0x01</attr>
			<attr>0x00</attr>
			<attr>0xFF</attr>
			<img_name type="string">NON-HLOS.ubi</img_name>
		</partition>		
		<partition>
			<name length="16" type="string">0:misc</name>
			<size_kb length="4">1024</size_kb>
			<pad_kb length="4">256</pad_kb>
			<which_flash>0</which_flash>
			<attr>0xFF</attr>
			<attr>0x01</attr>
			<attr>0x00</attr>
			<attr>0xFF</attr>
		</partition>
		<partition>
			<name length="16" type="string">0:recoveryfs</name>
			<size_kb length="4">30464</size_kb>
			<pad_kb length="4">256</pad_kb>
			<which_flash>0</which_flash>
			<attr>0xFF</attr>
			<attr>0x01</attr>
			<attr>0x00</attr>
			<attr>0xFF</attr>
			<img_name type="string">mdm-perf-recovery-image-mdm9607-perf.ubi</img_name>
		</partition>
		<partition>
			<name length="16" type="string">0:qdsp6sw_B</name>
			<size_kb length="4">56832</size_kb>
			<pad_kb length="4">512</pad_kb>
			<which_flash>0</which_flash>
			<attr>0xFF</attr>
			<attr>0x01</attr>
			<attr>0x00</attr>
			<attr>0xFF</attr>
			<img_name type="string">NON-HLOS.ubi</img_name>
		</partition>
		<partition>
			<name length="16" type="string">0:sys_back</name>
			<size_kb length="4">58880</size_kb>
			<pad_kb length="4">512</pad_kb>
			<which_flash>0</which_flash>
			<attr>0xFF</attr>
			<attr>0x01</attr>
			<attr>0x00</attr>
			<attr>0xFF</attr>
			<img_name type="string">mdm9607-perf-sysfs.ubi</img_name>			
		</partition>	
        <partition>
			<name length="16" type="string">0:system</name>
			<flags length="4">0xFFFFFFFF</flags>
			<flags length="4">0xFFFF</flags>
			<which_flash>0</which_flash>
			<attr>0xFF</attr>
			<attr>0x01</attr>
			<attr>0x00</attr>
			<attr>0xFF</attr>
			<img_name type="string">mdm9607-perf-sysfs.ubi</img_name>
		</partition>
	</partitions>
</nandboot>
